,City,State,share_white,share_black,poverty_rate,income,protest_rate
0,Bethel,AK,23.3,0.9,11.4,76135.0,0.015183723048891588
1,Dillingham,AK,30.7,0.4,12.3,66875.0,0.03389830508474576
2,Fairbanks,AK,66.1,9.0,13.1,55229.0,0.00905650612931397
3,Ketchikan,AK,60.7,0.8,16.6,53111.0,0.024142926122646062
4,Kotzebue,AK,16.0,0.9,16.3,87708.0,0.009242144177449169
5,Palmer,AK,79.1,1.8,11.5,61797.0,0.26824034334763946
6,Unalakleet,AK,15.0,0.6,14.9,68015.0,0.031654676258992806
7,Auburn,AL,75.1,16.5,31.8,38342.0,0.0030184578698742807
8,Birmingham,AL,22.3,73.4,30.9,31061.0,0.0014421951930010553
9,Brewton,AL,54.1,42.6,27.8,31033.0,0.007677543186180422
10,Cullman,AL,93.4,0.9,21.9,38746.0,0.001871024073843084
11,Florence,AL,75.0,19.4,24.6,35731.0,0.0005882785498933746
12,Gadsden,AL,57.3,36.3,29.4,29136.0,0.002857142857142857
13,Homewood,AL,74.6,17.3,12.7,61626.0,0.007881152224455215
14,Hoover,AL,75.1,14.8,6.0,77146.0,0.0018246898610204273
15,Huntsville,AL,60.3,31.2,18.2,48775.0,0.0028667723633172795
16,Mobile,AL,45.0,50.6,23.3,38776.0,0.005497562526494277
17,Montgomery,AL,37.3,56.6,24.1,42927.0,0.0010074297947361792
18,Opelika,AL,50.6,43.5,23.0,40489.0,0.005661964539924938
19,Phenix,AL,48.7,46.6,21.0,36698.0,0.002740702167895415
20,Tuscaloosa,AL,53.8,41.5,25.1,39351.0,0.01977672082192052
21,Arkadelphia,AR,65.5,30.3,33.0,28581.0,0.01864628006712661
22,Batesville,AR,83.2,4.3,20.9,38092.0,0.02757859900717044
23,Bentonville,AR,81.4,2.5,7.7,71941.0,0.02731792602305633
24,ElDorado,AR,45.1,49.9,27.4,34239.0,0.0028327006968443713
25,Jonesboro,AR,74.7,18.4,23.7,41688.0,0.00030614587851111056
26,LittleRock,AR,48.9,42.3,17.8,46085.0,0.0010136230943885826
27,NorthLittleRock,AR,54.0,39.7,26.1,39591.0,0.0003641715855120404
28,Carefree,AZ,95.5,0.5,9.6,93014.0,0.0005092946269416856
29,Flagstaff,AZ,73.4,1.9,24.2,48680.0,0.0013326581198859243
30,Maricopa,AZ,70.2,9.7,8.1,65793.0,0.0005755174861396205
31,Mesa,AZ,77.1,3.5,16.5,48809.0,0.00038609144189709886
32,Payson,AZ,91.6,0.4,12.7,42856.0,0.0047429330297856205
33,Phoenix,AZ,65.9,6.5,23.1,47326.0,0.00028951158998178847
34,PrescottValley,AZ,88.1,0.8,18.2,42571.0,0.003418252176717188
35,Safford,AZ,81.4,1.2,16.9,46277.0,0.0020034057898427327
36,Tucson,AZ,69.7,5.0,25.3,37149.0,0.0019158031868017579
37,Anaheim,CA,52.7,2.8,16.5,60752.0,0.0011416665477430679
38,Arcata,CA,81.8,2.0,41.3,29435.0,0.027128207910585428
39,Arvin,CA,53.1,1.0,29.3,35609.0,0.002059402315683493
40,Bakersfield,CA,56.8,8.2,19.8,57095.0,0.0006312720457119056
41,Berkeley,CA,59.5,10.0,20.4,66237.0,0.015396549430810287
42,Bishop,CA,73.9,0.6,13.0,41069.0,0.037363223912463314
43,Brea,CA,67.1,1.4,7.1,83717.0,0.006935614379840482
44,Calabasas,CA,83.9,1.6,7.9,106050.0,0.02096172389217289
45,Calexico,CA,60.0,0.3,27.4,34742.0,0.005021971123666039
46,Camarillo,CA,75.1,1.9,6.4,88152.0,0.0014308608058608058
47,Cerritos,CA,23.1,6.9,4.8,90321.0,0.00401131189955675
48,CitrusHeights,CA,80.3,3.3,15.4,50047.0,0.005695020274272176
49,Claremont,CA,70.6,4.7,8.2,88523.0,0.0027574036287431754
50,Clovis,CA,70.9,2.7,13.8,62666.0,0.00015708999511275572
51,Colfax,CA,89.6,0.2,11.4,48015.0,0.007492507492507494
52,Colusa,CA,66.1,0.9,18.1,47607.0,0.03300330033003299
53,Compton,CA,25.9,32.9,26.6,43507.0,0.010982689189895926
54,Corona,CA,59.7,5.9,11.7,74149.0,0.0011773847928980151
55,Coronado,CA,88.1,2.1,6.0,90256.0,0.008427794867472927
56,Culver,CA,60.3,9.5,8.9,81189.0,0.007655990812811025
57,DiamondBar,CA,33.2,4.1,7.0,89221.0,0.0010768126346015793
58,EastPaloAlto,CA,28.8,16.7,18.5,52012.0,0.006822678583611926
59,ElSegundo,CA,78.0,2.0,7.3,85727.0,0.006020469596628537
60,Encinitas,CA,85.8,0.6,8.1,95149.0,0.03189334864214068
61,Eureka,CA,79.3,1.9,24.5,37094.0,0.002620741295394983
62,Fairfield,CA,46.0,15.7,13.2,67364.0,0.0017074607497460153
63,Fontana,CA,47.4,10.0,16.1,64824.0,0.0004660983374272304
64,FortBragg,CA,74.8,0.7,22.3,33867.0,0.0274310794129749
65,Fremont,CA,32.8,3.3,6.1,105355.0,0.0012442453651860144
66,Fresno,CA,49.6,8.3,29.8,41531.0,4.514876518127229e-05
67,Fullerton,CA,53.9,2.3,16.8,65974.0,0.006732452343855195
68,Gilroy,CA,58.7,1.9,15.1,83027.0,0.0033879929529746573
69,Glendale,CA,71.1,1.3,14.6,52574.0,0.015052457815486971
70,Glendora,CA,75.1,1.9,9.4,75148.0,0.0019400900201769363
71,GrassValley,CA,89.4,0.4,28.4,33700.0,0.002340641335725989
72,Hanford,CA,62.5,4.9,20.5,53986.0,0.003466024296830321
73,Hayward,CA,34.2,11.9,13.4,65096.0,0.0003140644334591685
74,Healdsburg,CA,74.1,0.5,7.4,65638.0,0.016884761502743775
75,Hollister,CA,59.4,1.0,11.3,69157.0,0.024545900834560628
76,HuntingtonBeach,CA,76.7,1.0,9.4,83252.0,0.0015895085741438825
77,Inglewood,CA,23.3,43.9,22.4,42044.0,0.0005547798910782146
78,Irvine,CA,50.5,1.8,12.3,92278.0,0.001739729506856274
79,LaMesa,CA,71.8,7.7,12.4,54667.0,0.010126753194146736
80,Lafayette,CA,84.7,0.7,4.9,137895.0,0.1313912455890082
81,Lemoore,CA,56.8,6.4,15.6,49623.0,0.0074836295603367626
82,Lodi,CA,68.7,0.8,17.4,49316.0,0.01497351522504661
83,LongBeach,CA,46.1,13.5,20.6,52783.0,0.00032423459021070926
84,LosAngeles,CA,49.8,9.6,22.1,50205.0,0.000799562566464367
85,Loyalton,CA,91.2,0.3,16.3,40563.0,0.002136752136752137
86,Malibu,CA,91.5,1.2,10.5,119659.0,0.01692047377326565
87,ManhattanBeach,CA,84.5,0.8,4.0,143527.0,0.014211408919080237
88,MenloPark,CA,70.2,4.8,7.8,121816.0,0.005764020981036371
89,MillValley,CA,88.8,0.8,3.3,143005.0,0.02805245809664072
90,Modesto,CA,65.0,4.2,20.5,48577.0,0.002788155913678693
91,Monterey,CA,78.3,2.8,9.1,66166.0,0.007097735822272695
92,Moorpark,CA,75.1,1.5,7.2,99777.0,0.00038487972508591066
93,MorroBay,CA,87.1,0.4,12.9,51338.0,0.018969932656739068
94,MountShasta,CA,89.6,1.8,23.3,39777.0,0.061087354917532075
95,MountainView,CA,79.9,2.5,21.9,49867.0,0.006043099384812483
96,MountainView,CA,79.9,2.5,21.9,103488.0,0.006043099384812483
97,MountainView,CA,79.9,2.5,7.8,49867.0,0.006043099384812483
98,MountainView,CA,79.9,2.5,7.8,103488.0,0.006043099384812483
99,MountainView,CA,56.0,2.2,21.9,49867.0,0.006043099384812483
100,MountainView,CA,56.0,2.2,21.9,103488.0,0.006043099384812483
101,MountainView,CA,56.0,2.2,7.8,49867.0,0.006043099384812483
102,MountainView,CA,56.0,2.2,7.8,103488.0,0.006043099384812483
103,Oakland,CA,34.5,28.0,20.4,54618.0,0.006422173008398937
104,Oceanside,CA,65.2,4.7,14.1,57703.0,0.0008535239157401192
105,Ontario,CA,51.0,6.4,18.1,54114.0,0.0013512783092805795
106,Orange,CA,67.1,1.6,13.2,78513.0,0.0021634251346732145
107,Oxnard,CA,48.2,2.9,16.6,60621.0,0.0009957822875225606
108,PalmDesert,CA,82.5,1.8,10.8,52892.0,0.009385265133740028
109,PalmSprings,CA,75.7,4.4,18.9,44075.0,0.007591684185937864
110,Palmdale,CA,49.0,14.8,21.3,52392.0,0.012896652673798515
111,PaloAlto,CA,64.2,1.9,5.4,136519.0,0.008001346306835567
112,Pasadena,CA,55.8,10.7,15.3,72402.0,0.01418148040473945
113,Pomona,CA,48.0,7.3,22.1,49186.0,0.00214251339894918
114,RanchoCucamonga,CA,62.0,9.2,8.8,77396.0,0.0015089835194225325
115,RanchoPalosVerdes,CA,61.7,2.4,4.3,118780.0,0.0024078979051288226
116,RanchoSantaMargarita,CA,78.2,1.9,4.0,105328.0,0.0020878570235510273
117,RedBluff,CA,80.7,0.9,24.0,31239.0,0.010317078203452784
118,Redding,CA,85.8,1.2,18.8,43341.0,0.0028800806422579835
119,Redlands,CA,69.0,5.2,14.3,65212.0,0.0027966943073287373
120,Richmond,CA,31.4,26.6,17.5,55102.0,0.009044289887579477
121,Ridgecrest,CA,77.4,4.0,15.4,59936.0,0.0069029786352811226
122,Riverside,CA,56.5,7.0,18.8,57196.0,0.0006035731530661517
123,Sacramento,CA,45.0,14.6,22.0,50739.0,0.004234615204896967
124,SanDiego,CA,58.9,6.7,15.4,66116.0,0.000356427744195144
125,SanFrancisco,CA,48.5,6.1,13.2,81294.0,0.0020040481773181827
126,SanJose,CA,42.8,3.2,11.3,84647.0,0.0005662304362141412
127,SanLuisObispo,CA,84.5,1.2,33.4,46058.0,0.0032308589168194304
128,SantaAna,CA,45.9,1.5,22.1,52253.0,0.000902749775817139
129,SantaBarbara,CA,75.1,1.6,13.9,66107.0,0.018971732119142475
130,SantaClarita,CA,70.9,3.2,9.3,83554.0,0.0011738246493785773
131,SantaCruz,CA,74.5,1.8,23.8,62164.0,0.011866435529139838
132,SantaMonica,CA,77.6,3.9,11.3,76580.0,0.002345106801915908
133,SantaPaula,CA,63.0,0.5,18.0,52824.0,0.006710058377507884
134,SantaRosa,CA,71.0,2.4,12.6,61050.0,0.0011315225201269567
135,Santee,CA,82.5,2.0,7.8,76104.0,0.0008608667206143145
136,Sebastopol,CA,88.2,1.0,9.8,57560.0,0.004691164972634871
137,SimiValley,CA,75.3,1.4,6.1,90210.0,0.023882878364500492
138,Solvang,CA,82.5,0.7,11.1,67484.0,0.0342583076396026
139,Sonoma,CA,86.8,0.5,10.4,62516.0,0.022677793904209
140,Stockton,CA,37.0,12.2,25.3,44797.0,0.0003197983990892141
141,Temecula,CA,70.8,4.1,7.0,79925.0,0.005663945068446597
142,Torrance,CA,51.1,2.7,7.0,79549.0,0.0006964176277229929
143,Truckee,CA,86.5,0.4,6.5,77320.0,0.05975500448162534
144,Turlock,CA,69.8,1.7,17.5,51401.0,0.002716247232823132
145,Upland,CA,65.6,7.3,15.5,60779.0,0.0025926886180969665
146,Vacaville,CA,66.3,10.3,10.7,74001.0,0.002980033773716102
147,Vallejo,CA,32.8,22.1,18.3,57028.0,0.0014380567333924991
148,Visalia,CA,64.5,2.1,21.3,52157.0,0.0014858289068013818
149,Walnut,CA,23.7,2.8,6.7,100184.0,0.0033687047330301497
150,WalnutCreek,CA,78.7,1.6,5.9,82120.0,0.04275575064846222
151,WestCovina,CA,42.8,4.5,10.3,69189.0,0.0016174917460347665
152,Westminster,CA,35.7,0.9,17.8,53455.0,0.022064583034542104
153,Whittier,CA,64.6,1.3,12.5,66457.0,0.001903687513220052
154,Woodland,CA,62.9,1.5,14.0,55893.0,0.0012386866618220255
155,Yreka,CA,83.6,0.7,34.3,28333.0,0.026602819898909284
156,Boulder,CO,88.0,0.9,23.1,58484.0,0.002473037893627827
157,ColoradoSprings,CO,78.8,6.3,13.4,54527.0,7.527900280414286e-05
158,Denver,CO,68.9,10.2,17.3,53637.0,0.0014667911605664198
159,Dolores,CO,90.4,0.3,16.2,34813.0,0.10471204188481677
160,Durango,CO,85.1,0.6,13.2,57024.0,0.008960101196437042
161,EstesPark,CO,91.0,0.3,10.0,54530.0,0.010893246187363837
162,FortCollins,CO,89.0,1.2,18.6,55647.0,0.001174791327690419
163,GlenwoodSprings,CO,81.4,1.2,15.4,49538.0,0.008559919436052367
164,GrandJunction,CO,88.7,0.8,18.9,45358.0,0.0062896048555749475
165,Gunnison,CO,86.9,0.6,34.0,35871.0,0.045180722891566265
166,Kremmling,CO,92.6,0.3,14.1,58500.0,0.0032808398950131233
167,Longmont,CO,83.3,0.9,14.1,62208.0,0.0008568011158977733
168,Norwood,CO,89.8,0.6,18.7,41094.0,0.0690846286701209
169,Parachute,CO,66.5,0.4,34.2,32917.0,0.017921146953405017
170,Pueblo,CO,75.2,2.5,25.0,34550.0,0.00021359724459554471
171,SteamboatSprings,CO,94.0,0.6,10.9,56125.0,0.003027092477675193
172,Sterling,CO,85.0,5.9,21.4,35732.0,0.006898930665746809
173,Telluride,CO,90.5,0.4,9.7,62000.0,0.009681323114158934
174,Ansonia,CT,77.6,11.6,19.0,43305.0,0.005360780529645118
175,Bethel,CT,84.8,2.6,4.2,75038.0,0.0030303030303030303
176,Bridgeport,CT,39.6,34.6,22.9,41801.0,0.001038788357260092
177,Bristol,CT,87.7,3.8,10.4,61478.0,0.0033362803810032195
178,Colchester,CT,91.0,2.8,8.4,70625.0,0.031627553924979436
179,Danbury,CT,68.2,7.2,12.0,66676.0,0.005510032194330964
180,Derby,CT,82.8,7.6,15.4,51596.0,0.004052192235999676
181,EastHampton,CT,95.1,1.2,8.7,96719.0,0.015625
182,Greenwich,CT,80.9,4.9,7.4,83824.0,0.004774029280712922
183,Groton,CT,70.5,10.2,13.8,54244.0,0.1122208506340478
184,Groton,CT,70.5,10.2,13.8,54244.0,0.026017275470912687
185,Hartford,CT,29.8,38.7,33.4,30630.0,0.004730652828601314
186,Manchester,CT,72.3,13.6,14.0,54958.0,0.0030390386218394
187,Meriden,CT,73.5,9.7,14.6,54588.0,0.03367286808653927
188,NewBritain,CT,63.6,13.0,23.3,40457.0,0.0027588109524794807
189,NewHaven,CT,42.6,35.4,26.6,37192.0,0.007122566493007952
190,NewLondon,CT,60.4,17.4,28.6,36250.0,0.01889567354233376
191,Newington,CT,86.5,3.5,4.4,79960.0,0.006663557006730192
192,Norwich,CT,69.5,10.4,15.7,50078.0,0.006018709588664191
193,Ridgefield,CT,93.6,1.0,3.0,112875.0,0.0030049280820545693
194,Shelton,CT,90.8,2.4,5.1,86870.0,0.0029176493471759586
195,Somers,CT,97.7,0.4,7.4,92976.0,0.018545994065281898
196,Stamford,CT,65.0,13.9,9.4,79359.0,0.0061710300991993094
197,Stratford,CT,76.4,14.3,7.9,66886.0,0.0038573550116684993
198,Torrington,CT,88.7,2.7,10.7,56264.0,0.0014686875807778169
199,Trumbull,CT,90.0,3.1,2.2,111312.0,0.028032405460712586
200,Water,CT,96.0,1.1,5.3,78828.0,0.009268699601445916
201,Waterford,CT,87.8,4.3,7.6,50250.0,0.02133788541555532
202,WestHartford,CT,79.6,6.3,8.0,86569.0,0.02144048280790916
203,WestHaven,CT,65.7,19.6,14.4,50846.0,0.01235811058220432
204,Westport,CT,92.6,1.2,4.7,162907.0,0.007019760626162648
205,Wethersfield,CT,89.5,3.1,4.7,77195.0,0.007689941556444171
206,WindsorLocks,CT,85.8,4.8,5.7,68944.0,7.779679477205539e-05
207,Washington,DC,38.5,50.7,18.0,70848.0,0.018668110050457036
208,Dover,DE,48.3,42.2,20.0,45363.0,0.005240266205523239
209,Middle,DE,61.9,28.4,5.4,84451.0,0.008733624454148471
210,Milford,DE,65.0,22.3,17.0,45368.0,0.008523695874531197
211,Newark,DE,82.4,6.7,25.6,54187.0,0.005967477248992988
212,RehobothBeach,DE,97.3,1.1,8.2,82569.0,0.22639068564036224
213,Wilmington,DE,32.6,58.0,24.5,40465.0,0.01425191688282074
214,BocaRaton,FL,88.5,5.2,10.0,70638.0,0.0010019538099293624
215,BonitaSprings,FL,88.8,0.8,18.5,53955.0,0.0005030434126465114
216,BoyntonBeach,FL,62.4,30.3,16.8,46178.0,0.0012709871757393967
217,Bronson,FL,67.6,25.6,20.4,28690.0,0.08718395815170009
218,Cocoa,FL,59.2,31.3,29.3,30517.0,0.10750954147180562
219,CoralGables,FL,91.0,3.0,7.6,93934.0,0.004024144869215292
220,Davie,FL,80.1,8.0,12.6,59680.0,0.001128816811845051
221,DeFuniakSprings,FL,70.7,20.4,19.9,28675.0,0.14351320321469574
222,DelrayBeach,FL,65.7,28.0,17.8,50136.0,0.0028797281536622945
223,Doral,FL,88.7,2.5,12.4,72933.0,0.0015211207617772775
224,FortLauderdale,FL,62.6,31.0,20.7,50778.0,0.0012333024550940873
225,FortMyers,FL,54.6,32.3,24.2,39039.0,0.0016226000635263234
226,Gainesville,FL,64.9,23.0,35.6,31818.0,0.0029851414583908593
227,Haines,FL,53.4,27.5,26.9,34598.0,0.003844822945903341
228,Hollywood,FL,72.7,16.7,15.9,46791.0,0.0012918477944928526
229,Jacksonville,FL,59.4,30.7,17.7,46764.0,0.00018431015889071612
230,KeyWest,FL,83.8,9.7,12.9,57042.0,0.004664565884401692
231,Kissimmee,FL,66.1,12.4,25.6,37487.0,0.0068759712309363705
232,Lake,FL,56.6,37.3,27.4,33866.0,0.008095854922279792
233,Lakeland,FL,70.8,20.9,19.2,39706.0,0.005350645644574445
234,MarcoIsland,FL,95.9,0.5,7.4,73304.0,0.0027859809438903443
235,Miami,FL,72.6,19.2,28.3,31051.0,0.0004701226379008597
236,MiamiBeach,FL,87.4,4.4,17.7,44342.0,0.0011250492209034146
237,Miramar,FL,41.0,45.7,9.6,65282.0,0.007082604415295592
238,MountDora,FL,77.5,15.6,12.9,47813.0,0.02066685037200331
239,Naples,FL,93.3,4.2,8.8,79515.0,0.009054690329590729
240,Orlando,FL,57.6,28.1,20.2,42318.0,0.00731973754705297
241,PalmBay,FL,72.9,17.9,17.6,43163.0,0.0010817640542785932
242,PalmBeach,FL,97.4,0.6,5.3,105527.0,0.00011343012704174228
243,Panama,FL,71.6,22.0,21.2,37190.0,0.0007788386650128364
244,PanamaBeach,FL,89.5,2.3,7.8,54406.0,0.0015894460780418026
245,PembrokePines,FL,67.3,19.8,8.1,61279.0,0.00013825601557684443
246,Pensacola,FL,66.3,28.0,15.7,45527.0,0.004058518168947617
247,PompanoBeach,FL,62.6,28.9,23.4,41321.0,0.0003567669776485489
248,PortSt.Lucie,FL,74.3,16.3,15.0,49813.0,0.0009908544137609864
249,PuntaGorda,FL,93.3,3.3,11.3,56463.0,0.03191123766507928
250,Quincy,FL,23.4,64.4,27.7,33331.0,0.010985791709389191
251,Sarasota,FL,75.4,15.1,19.5,43244.0,0.0005147121901003689
252,St.Augustine,FL,84.2,11.6,22.2,42958.0,0.012974375608173857
253,St.Petersburg,FL,68.7,23.9,17.2,45748.0,0.0007537186594359924
254,Stuart,FL,80.0,12.0,19.2,36514.0,0.015396932930960153
255,Tallahassee,FL,57.4,35.0,29.7,39681.0,0.00034887991186191705
256,Tampa,FL,62.9,26.2,21.8,44185.0,0.005003752814610958
257,Titusville,FL,80.8,13.5,18.8,40830.0,0.004293688278230999
258,WestMelbourne,FL,85.5,4.9,9.4,55330.0,0.00721381755224865
259,WestPalmBeach,FL,56.7,32.5,20.0,45800.0,0.0022330400607386896
260,Weston,FL,85.8,4.4,7.2,93814.0,0.00421549616389849
261,Windermere,FL,94.2,1.4,3.9,117283.0,0.0564334085778781
262,Zephyrhills,FL,88.7,4.9,15.0,37884.0,0.003038405444822557
263,Alpharetta,GA,70.0,10.9,6.4,92839.0,0.0007439037091038936
264,Americus,GA,30.6,63.5,41.5,24886.0,0.013238019592268996
265,Atlanta,GA,38.4,54.0,24.6,47527.0,0.0009579507942803137
266,Claxton,GA,48.0,42.0,30.3,31667.0,0.045372050816696916
267,Columbus,GA,46.3,45.5,20.5,42306.0,0.000574656866000235
268,Crawford,GA,63.6,32.1,23.1,23571.0,0.004784688995215311
269,Cumming,GA,76.6,2.9,20.7,43491.0,0.13746754238582554
270,Dalton,GA,65.0,6.4,23.8,35074.0,0.0038615773058072174
271,Douglasville,GA,36.0,55.9,19.1,47707.0,0.005883737349964698
272,Grove,GA,57.6,30.0,15.8,55060.0,0.003299894403379092
273,Jeffersonville,GA,37.7,59.1,39.3,20313.0,0.05324813631522897
274,Jesup,GA,53.1,40.1,31.6,32188.0,0.0101615689462453
275,Lawrenceville,GA,48.0,32.0,24.4,41743.0,0.016215865602905884
276,Smyrna,GA,53.8,31.6,13.4,62363.0,0.0017647266438428687
277,Thomson,GA,34.7,62.7,40.1,21425.0,0.0036764705882352936
278,TybeeIsland,GA,93.5,3.1,19.0,65545.0,0.007835455435847209
279,WarnerRobins,GA,53.2,37.1,23.1,42795.0,0.006441887730780628
280,Ames,IA,84.5,3.4,30.5,41616.0,0.0009055510278004166
281,Bettendorf,IA,91.9,2.2,5.5,75373.0,0.005473004405768546
282,Boone,IA,96.7,0.8,10.9,46486.0,0.01614987080103359
283,CedarRapids,IA,88.0,5.6,12.3,53581.0,0.0056153696410655716
284,Davenport,IA,80.7,10.8,16.6,47343.0,0.004921744266167929
285,DesMoines,IA,76.4,10.2,20.0,46290.0,0.002289520484323436
286,Dubuque,IA,91.7,4.0,16.2,47450.0,0.0021595660136139038
287,Fairfield,IA,90.3,2.0,17.3,37162.0,0.03836930455635491
288,Iowa,IA,82.5,5.8,28.2,42375.0,0.0001723416596145252
289,Iowa,IA,82.5,5.8,28.2,42375.0,0.007237455077865034
290,Keokuk,IA,91.9,4.0,24.5,33608.0,0.0029536280397755247
291,Muscatine,IA,87.8,2.3,14.7,44601.0,0.0021158647539249293
292,Sioux,IA,80.6,2.9,15.7,43888.0,0.0012099067161921815
293,Waterloo,IA,77.3,15.5,17.6,41933.0,0.009060123574144487
294,Bellevue,ID,80.4,0.3,11.3,45843.0,0.016286644951140062
295,Boise,ID,89.0,1.5,14.3,50323.0,0.0048130888062928295
296,Hailey,ID,80.2,0.2,7.6,61549.0,0.09207043388191967
297,IdahoFalls,ID,89.3,0.7,15.9,44580.0,0.0010335835135478948
298,Ketchum,ID,90.9,0.1,3.8,50319.0,0.2451838879159369
299,Lewiston,ID,93.9,0.3,11.6,46536.0,0.0304989630352568
300,TwinFalls,ID,88.5,0.7,17.1,41927.0,0.0039843018507082105
301,Victor,ID,79.3,0.5,17.6,54261.0,0.11985617259288853
302,Alton,IL,68.5,26.6,24.4,36250.0,0.005723443223443223
303,Batavia,IL,91.9,2.4,5.6,92684.0,0.007570022710068129
304,Belleville,IL,69.8,25.4,18.2,43318.0,0.002542973812260068
305,Bloomington,IL,77.5,10.1,12.7,62254.0,0.0002327686538212854
306,Carbondale,IL,62.4,25.6,49.3,17764.0,0.006644606572844822
307,Champaign,IL,67.8,15.6,28.2,42094.0,0.0002699389263179206
308,Chicago,IL,45.0,32.9,22.3,48522.0,0.0009931881353063279
309,Collinsville,IL,85.3,10.0,12.7,50015.0,0.012297601967616315
310,CrystalLake,IL,90.2,1.0,6.6,81509.0,0.0014060106957242214
311,DeKalb,IL,74.9,12.8,32.3,37954.0,0.004667771372558172
312,DuQuoin,IL,90.3,5.9,27.9,29708.0,0.019400352733686062
313,Effingham,IL,96.0,0.4,16.8,43760.0,0.05595076332827112
314,Elgin,IL,65.9,7.4,13.6,60499.0,0.0006765960901767269
315,Freeport,IL,77.1,16.2,21.0,36302.0,0.008412197686645636
316,Galesburg,IL,81.1,11.5,24.6,32962.0,0.006623174487531874
317,Geneva,IL,94.8,0.5,4.4,97926.0,0.0045852629648310324
318,Kankakee,IL,45.6,40.8,33.6,32402.0,0.0011527820473409161
319,Kewanee,IL,87.0,4.9,18.0,38107.0,0.04862630683199611
320,Marion,IL,87.8,7.4,18.2,42839.0,0.0045662100456621
321,Mattoon,IL,94.5,2.4,21.0,37607.0,0.004541583877377235
322,Moline,IL,83.0,5.2,11.5,49528.0,0.002418028822903569
323,Monticello,IL,97.6,0.5,5.8,71859.0,0.09035056017347308
324,Naperville,IL,76.5,4.7,4.8,109468.0,0.0005793235387237367
325,O'Fallon,IL,77.3,15.6,8.3,76722.0,0.0067606395565020455
326,Oregon,IL,95.9,0.9,21.7,42120.0,0.0069164265129683
327,Ottawa,IL,93.4,2.0,15.4,46477.0,0.005536178929302995
328,Pekin,IL,94.7,2.1,13.3,48862.0,0.004680917459822125
329,Sparta,IL,80.0,17.5,23.8,37264.0,0.02340276152586005
330,Springfield,IL,75.8,18.5,19.5,49868.0,0.026262803116519302
331,Waterloo,IL,97.9,0.1,3.7,73765.0,0.009453582907922102
332,Anderson,IN,78.8,15.2,25.7,33644.0,0.005477951246233907
333,Bloomington,IN,83.0,4.6,38.3,30019.0,0.0017491691446562885
334,Clarksville,IN,85.1,5.6,11.6,41829.0,0.013915947676036737
335,Columbus,IN,86.9,2.7,11.8,56816.0,0.02081338717062815
336,Crawfordsville,IN,92.1,1.7,24.7,33943.0,0.006204243702692642
337,CrownPoint,IN,88.2,6.3,6.6,63754.0,0.0013775911834164262
338,Elkhart,IN,66.1,15.4,26.7,35371.0,0.002864891707093472
339,Evansville,IN,82.0,12.6,21.0,35785.0,0.0015450691587970255
340,Fishers,IN,85.6,5.6,3.2,95487.0,0.003147623544224111
341,FortWayne,IN,73.6,15.4,19.0,43774.0,0.0011094592495617638
342,Greencastle,IN,92.4,2.7,12.7,45315.0,0.007789678675754625
343,Greenwood,IN,90.1,1.7,13.7,54176.0,0.008409297319116014
344,Griffith,IN,75.8,16.9,10.8,55490.0,0.012453300124533002
345,Kokomo,IN,83.5,10.7,21.3,37623.0,0.003447087211306446
346,Lafayette,IN,83.6,6.2,19.8,40419.0,0.002788583538991369
347,Marion,IN,78.1,14.7,25.7,32716.0,0.0016947129729084618
348,Mishawaka,IN,86.1,6.9,19.3,38143.0,0.009927923277008916
349,Muncie,IN,84.0,10.9,32.2,31044.0,0.04411829585729202
350,Muncie,IN,84.0,10.9,32.2,31044.0,1.1029411764705883
351,NewAlbany,IN,85.8,8.7,21.6,40413.0,0.005428439595038406
352,Pendleton,IN,96.6,1.0,6.7,54198.0,0.03431708991077557
353,Portage,IN,83.6,7.3,16.3,53730.0,0.005407159078620093
354,Portland,IN,94.5,0.4,15.6,34375.0,0.01666111296234589
355,Richmond,IN,83.9,8.6,27.3,30357.0,0.007073736630637769
356,SouthBend,IN,60.5,26.6,28.3,34523.0,0.0017152490541626644
357,Vincennes,IN,91.9,4.7,23.9,35455.0,0.023721978412999643
358,Emporia,KS,79.2,3.2,25.9,36228.0,0.010265062200178877
359,Garden,KS,74.7,2.8,17.3,47279.0,0.0075734625870948185
360,Gardner,KS,89.7,3.0,3.8,67422.0,0.013617175797739548
361,Hutchinson,KS,87.9,4.3,13.9,42350.0,0.010028972587474929
362,Junction,KS,60.7,22.3,14.0,44203.0,0.0012103156130714085
363,Lawrence,KS,82.0,4.7,21.8,46406.0,0.0020368050675710087
364,Manhattan,KS,83.5,5.5,26.2,43104.0,0.018313676653725
365,Manhattan,KS,83.5,5.5,26.2,43104.0,200.0
366,Manhattan,KS,83.5,5.5,26.2,43104.0,0.01831535376105789
367,OverlandPark,KS,84.4,4.3,5.9,72463.0,0.0010230493007458027
368,Parsons,KS,84.3,8.6,22.1,35818.0,0.02110372480742851
369,Topeka,KS,76.2,11.3,19.2,42250.0,0.004788125448886761
370,Wichita,KS,71.9,11.5,17.3,45947.0,0.00232344629146172
371,Winfield,KS,85.7,3.9,17.4,41577.0,0.003914426860922715
372,Barbourville,KY,92.4,5.1,29.7,31708.0,0.032970656116056714
373,Berea,KY,90.7,4.0,26.9,39906.0,0.006239860227130912
374,BowlingGreen,KY,75.8,13.9,28.1,35604.0,0.002126362644061069
375,Erlanger,KY,92.3,3.0,10.9,54964.0,0.0012470123662059649
376,FortMitchell,KY,92.4,2.4,7.8,61090.0,0.02426889940541196
377,Harlan,KY,92.7,3.7,29.2,25769.0,0.06648936170212766
378,Hazard,KY,90.4,5.9,26.5,31714.0,0.0411522633744856
379,Henderson,KY,84.5,11.6,23.3,34879.0,0.007090438543623924
380,Morehead,KY,93.2,3.2,36.1,36026.0,0.026448029621793174
381,Murray,KY,86.6,6.8,35.5,26005.0,0.018109380659181457
382,OakGrove,KY,63.5,22.2,20.5,38975.0,0.009562841530054643
383,Owensboro,KY,87.5,7.3,19.8,37279.0,0.0009312999950108928
384,Paducah,KY,71.0,23.7,23.9,33608.0,0.01640860647496481
385,Paintsville,KY,98.2,0.1,31.0,27392.0,0.012531328320802004
386,Prestonsburg,KY,97.9,0.3,43.9,16856.0,0.04246885617214043
387,Princeton,KY,87.8,9.0,26.3,37500.0,0.011447260834014716
388,Richmond,KY,86.8,8.0,31.9,30621.0,0.005531432364410764
389,Alexandria,LA,38.3,57.3,25.8,34579.0,0.0043308791684712
390,BatonRouge,LA,39.4,54.5,25.6,39876.0,0.001062496594562197
391,Covington,LA,77.8,19.0,18.4,49141.0,0.01893222264293828
392,Gonzales,LA,48.8,44.2,18.6,54805.0,0.0136898786164096
393,Haughton,LA,78.2,18.2,10.7,48064.0,0.009101941747572815
394,Houma,LA,66.0,24.4,20.9,47052.0,0.0030584781012967946
395,Lafayette,LA,63.8,31.1,19.1,46517.0,0.002773705274002457
396,NewOrleans,LA,33.0,60.2,27.0,36792.0,0.0014948896361913096
397,Opelousas,LA,22.3,75.1,41.9,20434.0,0.000754195210860411
398,Shreveport,LA,41.2,54.7,23.6,38583.0,0.0008907321105362918
399,St.Francisville,LA,70.4,23.9,24.6,55326.0,0.04307692307692308
400,Amesbury,MA,96.3,0.7,5.2,76558.0,0.01996349532283824
401,Andover,MA,89.4,1.7,10.7,72375.0,0.013752888106502366
402,Attleboro,MA,87.1,3.0,10.1,67736.0,0.004421159670181489
403,Belmont,MA,83.5,1.8,4.5,110685.0,0.011487210905192221
404,Boston,MA,53.9,24.4,21.5,55777.0,0.0022345312787126247
405,Braintree,MA,86.7,2.7,5.9,84776.0,0.005377789728421619
406,Bridgewater,MA,89.2,4.9,23.3,44728.0,0.007000012068986326
407,Brockton,MA,46.7,31.2,18.6,47557.0,0.004353519733634249
408,Cambridge,MA,66.6,11.7,14.0,79416.0,0.008828945487568005
409,Chatham,MA,93.5,3.2,17.0,50966.0,0.006686726847208292
410,Chicopee,MA,86.8,3.7,13.3,47684.0,0.0072561041976562796
411,Falmouth,MA,91.6,2.2,10.2,39391.0,0.006453070048075372
412,Framingham,MA,71.9,5.8,11.5,68219.0,0.00040313910986884536
413,GreatBarrington,MA,89.6,2.6,12.2,48378.0,0.19198464122870168
414,Greenfield,MA,92.4,1.7,14.2,49612.0,0.019874840653609917
415,Lynn,MA,57.6,12.8,20.2,47429.0,0.0006574831122281254
416,Marblehead,MA,96.4,0.8,4.9,102993.0,0.04864996351252737
417,Marshfield,MA,96.7,0.5,7.9,73036.0,0.007702083413563369
418,Milton,MA,77.4,14.3,4.0,116444.0,0.05617366723444352
419,Nantucket,MA,86.1,7.6,10.6,83167.0,0.00877269935959295
420,Newburyport,MA,96.4,0.6,7.4,85556.0,0.00820165126578818
421,Orleans,MA,95.8,1.0,7.9,34604.0,0.03455425017277125
422,Pittsfield,MA,88.3,5.3,17.2,43916.0,0.005932324047268758
423,Quincy,MA,67.3,4.6,10.2,64155.0,0.0031756113051762463
424,Randolph,MA,41.6,38.3,11.2,63681.0,0.0058203829812001635
425,Springfield,MA,51.8,22.3,30.0,34728.0,0.0013020324726898686
426,Walpole,MA,93.8,1.5,1.1,79615.0,0.005952380952380952
427,Waltham,MA,75.4,6.0,10.0,75205.0,0.0009600768061444916
428,Ware,MA,92.9,1.3,21.1,40169.0,0.030892801977139325
429,Westfield,MA,92.8,1.6,9.5,61053.0,0.0007280846519755362
430,Williams,MA,83.1,4.4,10.4,73667.0,0.013989776701641107
431,Worcester,MA,69.4,11.6,22.4,45472.0,0.0010785857583536468
432,Annapolis,MD,60.1,26.0,10.1,72214.0,0.02575019758814981
433,Baltimore,MD,29.6,63.7,23.7,42241.0,0.0003538391548299045
434,Chester,MD,88.2,6.9,8.4,89427.0,0.004751534349633736
435,Chester,MD,88.2,6.9,8.4,43977.0,0.004751534349633736
436,Chester,MD,88.2,6.9,24.9,89427.0,0.004751534349633736
437,Chester,MD,88.2,6.9,24.9,43977.0,0.004751534349633736
438,Chester,MD,74.2,20.4,8.4,89427.0,0.004751534349633736
439,Chester,MD,74.2,20.4,8.4,43977.0,0.004751534349633736
440,Chester,MD,74.2,20.4,24.9,89427.0,0.004751534349633736
441,Chester,MD,74.2,20.4,24.9,43977.0,0.004751534349633736
442,Gaithersburg,MD,50.8,16.3,9.2,80734.0,0.002941825402662352
443,HavredeGrace,MD,75.7,16.8,11.1,67813.0,0.0142673705236125
444,Laurel,MD,30.1,48.9,9.9,68517.0,0.07803050992938239
445,Ocean,MD,96.9,0.0,0.0,,0.14400921658986174
446,Ocean,MD,96.9,0.0,0.0,52410.0,0.14400921658986174
447,Ocean,MD,96.9,0.0,6.7,,0.14400921658986174
448,Ocean,MD,96.9,0.0,6.7,52410.0,0.14400921658986174
449,Ocean,MD,92.2,2.7,0.0,,0.14400921658986174
450,Ocean,MD,92.2,2.7,0.0,52410.0,0.14400921658986174
451,Ocean,MD,92.2,2.7,6.7,,0.14400921658986174
452,Ocean,MD,92.2,2.7,6.7,52410.0,0.14400921658986174
453,Salisbury,MD,55.7,34.4,27.4,37705.0,0.0004554425383330803
454,TakomaPark,MD,49.0,35.0,7.3,82735.0,0.06770098730606489
455,Westminster,MD,86.0,7.0,13.4,55122.0,0.013277896995708154
456,Bangor,ME,93.1,1.7,26.2,35674.0,0.018597731076808628
457,BarHarbor,ME,94.2,1.2,19.5,42117.0,0.07195538765965101
458,Bath,ME,95.1,1.2,24.1,38407.0,0.005996641880546894
459,Belfast,ME,96.7,0.5,25.3,35946.0,0.029944602485402008
460,Brunswick,ME,92.9,1.5,12.5,47382.0,0.009739469198928659
461,Caribou,ME,96.0,0.4,20.5,35532.0,0.005268010009219017
462,Ellsworth,ME,96.7,0.7,15.5,44556.0,0.042787286063569685
463,Farmington,ME,95.9,0.3,28.2,24000.0,0.0515331100231899
464,FortKent,ME,94.5,1.1,21.3,33889.0,0.012966804979253113
465,Gorham,ME,96.1,0.7,7.0,60625.0,0.02224941595283124
466,Guilford,ME,96.3,0.1,25.8,31550.0,1.1740331491712708
467,Lewiston,ME,86.6,8.7,23.1,37500.0,0.005521048999309869
468,Naples,ME,97.7,0.7,4.4,45114.0,0.012597631645250693
469,Newcastle,ME,97.2,0.0,7.3,50536.0,0.0636672325976231
470,Portland,ME,85.0,7.1,19.7,46280.0,0.015857434116136826
471,Rockland,ME,95.8,0.6,14.2,39077.0,0.0418702023726448
472,Sanford,ME,93.9,0.8,18.1,44040.0,0.0188474767940442
473,Waterville,ME,93.9,1.1,20.6,33251.0,0.021137818577122842
474,Adrian,MI,84.1,4.4,29.6,31805.0,0.019417475728155338
475,AnnArbor,MI,73.0,7.7,23.4,55990.0,0.002083680613435573
476,BadAxe,MI,95.1,0.8,18.8,32765.0,0.06863417982155114
477,BattleCreek,MI,71.7,18.2,21.7,36882.0,0.0039144305482159995
478,Birmingham,MI,92.3,3.0,4.0,108135.0,0.04909065407452429
479,BloomfieldHills,MI,87.3,4.1,3.1,172768.0,0.005003752814610958
480,Cadillac,MI,95.6,0.5,17.8,37288.0,0.00809755168143279
481,Charlevoix,MI,94.2,1.2,20.5,32060.0,0.08038585209003216
482,Cheboygan,MI,90.8,1.0,33.9,24389.0,0.02134016218523261
483,Detroit,MI,10.6,82.7,40.3,25764.0,0.0004434289027091449
484,EastLansing,MI,78.4,6.8,43.6,32981.0,0.0031155883269290683
485,EastLansing,MI,78.4,6.8,43.6,32981.0,0.07618080243778567
486,EastLansing,MI,78.4,6.8,43.6,32981.0,0.0032484407484407486
487,EastTawas,MI,95.7,0.2,19.7,38042.0,0.008813808299669483
488,Escanaba,MI,93.5,0.4,27.4,28767.0,0.0029605263157894733
489,Ferndale,MI,84.7,9.6,17.0,51312.0,0.05116557679828283
490,Gaylord,MI,94.8,0.9,19.6,33036.0,0.0271370420624152
491,Gladwin,MI,96.8,0.1,30.8,24821.0,0.034566194262011754
492,GrandBlanc,MI,82.5,11.1,16.7,46743.0,0.06353240152477764
493,GrandRapids,MI,64.6,20.9,26.0,40355.0,0.0014924407874117595
494,HighlandPark,MI,3.2,93.5,49.3,17250.0,0.018561484918793503
495,Houghton,MI,85.2,1.0,38.5,29643.0,0.025793139025019344
496,Howell,MI,94.8,0.4,18.7,41452.0,0.010412328196584756
497,HuntingtonWoods,MI,96.0,1.0,2.2,115025.0,0.111731843575419
498,Jackson,MI,71.4,20.4,36.0,28087.0,0.0015413070283600491
499,Kalamazoo,MI,68.1,22.2,33.9,33009.0,0.002047244094488189
500,Lansing,MI,61.2,23.7,29.6,35563.0,0.0033838084764402326
501,Lansing,MI,61.2,23.7,29.6,35563.0,0.0819336337566571
502,Lansing,MI,61.2,23.7,29.6,35563.0,0.0035295778624876467
503,Lapeer,MI,88.6,7.6,27.3,32910.0,0.01757469244288225
504,LincolnPark,MI,84.2,5.9,19.9,41090.0,0.016519368960105724
505,Livonia,MI,92.0,3.4,5.8,70125.0,0.01078311001975124
506,Ludington,MI,92.2,1.1,19.1,33777.0,0.0037000493339911203
507,Marquette,MI,91.1,4.4,26.5,36250.0,0.009526077637532744
508,Midland,MI,92.0,2.0,15.7,53722.0,0.02877628833840915
509,Midland,MI,92.0,2.0,15.7,53722.0,7.741935483870968
510,Midland,MI,92.0,2.0,15.7,53722.0,0.02888364704183315
511,OakPark,MI,37.4,57.4,16.2,47463.0,0.006795555706567905
512,Plymouth,MI,94.2,1.6,5.9,75949.0,0.032772558444395895
513,Pontiac,MI,34.4,52.1,35.7,28505.0,0.0029442444227598505
514,PortHuron,MI,84.0,9.1,28.4,33674.0,0.004104490590977078
515,Rochester,MI,88.6,3.7,5.5,75043.0,0.03621389891696751
516,RochesterHills,MI,82.1,4.5,5.5,82112.0,0.0067099683289494885
517,RoyalOak,MI,90.7,4.3,7.3,65786.0,0.04217487389712705
518,SaultSte.Marie,MI,74.8,0.7,28.8,32061.0,0.01490312965722802
519,Southfield,MI,24.9,70.3,15.2,49244.0,0.002347902250225848
520,St.Joseph,MI,88.1,5.3,8.7,55012.0,0.12023566189731875
521,SterlingHeights,MI,85.1,5.2,12.9,60089.0,0.07550702970446549
522,Tecumseh,MI,96.0,0.4,10.1,48658.0,0.0178613955703739
523,Traverse,MI,94.4,0.7,15.5,47284.0,0.06354047528275511
524,Traverse,MI,94.4,0.7,15.5,47284.0,0.06432109088570143
525,Traverse,MI,94.4,0.7,15.5,47284.0,5.235602094240837
526,Troy,MI,74.1,4.0,6.9,85027.0,0.009513390096560909
527,Warren,MI,78.4,13.5,19.7,43523.0,0.0007465862344430093
528,Ypsilanti,MI,61.5,29.2,33.4,31061.0,0.09915224827722967
529,AlbertLea,MN,90.0,1.1,16.2,40127.0,0.011327594019030359
530,Anoka,MN,88.0,4.7,13.5,45820.0,0.005698330389195966
531,AppleValley,MN,83.8,5.5,7.5,80478.0,3.6274598712251744e-05
532,Blaine,MN,84.0,3.7,5.8,76027.0,3.0484551953297668e-05
533,Brainerd,MN,93.5,1.2,21.8,30975.0,0.0044662795891022775
534,Duluth,MN,90.4,2.3,21.5,45034.0,0.001144619122147212
535,FergusFalls,MN,95.5,1.1,12.3,43852.0,0.010874293170943891
536,Fridley,MN,75.2,11.1,13.0,54652.0,0.00021562567383023076
537,Minneapolis,MN,63.8,18.6,21.9,51480.0,0.0024841144588075496
538,Montevideo,MN,92.0,0.6,16.9,43906.0,0.0099147332936744
539,Owatonna,MN,91.2,3.8,11.2,55884.0,0.007780890133831309
540,ParkRapids,MN,94.1,0.4,15.6,33822.0,0.0039354584809130275
541,RedWing,MN,91.5,1.9,13.6,45890.0,0.0022058823529411764
542,Rochester,MN,82.0,6.3,10.3,64554.0,0.0008618152772522806
543,Shoreview,MN,87.4,2.2,5.3,79252.0,0.007371913011426466
544,St.Cloud,MN,84.6,7.8,23.3,45437.0,0.0010954982325961848
545,St.Cloud,MN,84.6,7.8,23.3,45437.0,0.011405109489051095
546,St.Cloud,MN,84.6,7.8,23.3,45437.0,0.010412328196584756
547,St.Cloud,MN,84.6,7.8,23.3,45437.0,0.0013715414296947865
548,St.Paul,MN,60.1,15.7,22.3,48757.0,0.002934150394682177
549,St.Peter,MN,90.1,3.3,24.4,55280.0,0.02509830168158621
550,Willmar,MN,86.9,4.8,18.2,42250.0,0.0007549448890231014
551,BlueSprings,MO,87.6,6.2,10.5,63753.0,0.0002149420552042845
552,Branson,MO,89.0,2.0,19.9,40303.0,0.002407566638005159
553,Camdenton,MO,95.0,0.3,26.4,31099.0,0.07237635705669483
554,Canton,MO,92.0,5.3,17.8,36625.0,0.0052128583840139004
555,Clayton,MO,78.0,8.2,8.2,93009.0,0.011942437451483849
556,Columbia,MO,79.0,11.3,24.4,44907.0,0.0024351637647631805
557,CreveCoeur,MO,79.9,7.2,6.0,96061.0,0.005369992482010525
558,Festus,MO,93.5,3.4,12.5,45686.0,0.016616816218012632
559,Florissant,MO,69.3,26.8,8.5,50767.0,0.0009813157481551264
560,Fulton,MO,83.4,12.0,20.1,41451.0,0.015878056525881232
561,Glendale,MO,96.7,0.7,1.2,120653.0,0.017047391749062394
562,Jefferson,MO,78.0,16.9,16.1,47969.0,0.023414816896131868
563,Joplin,MO,87.6,3.3,18.1,38169.0,0.00047128129602356405
564,Kansas,MO,59.2,29.9,19.0,45821.0,0.0007523649360254269
565,Kirkwood,MO,89.4,7.0,5.1,77574.0,0.035962167799474955
566,Marshall,MO,79.2,7.8,19.9,37358.0,0.02336266645899852
567,Maryville,MO,92.3,3.1,38.1,26889.0,0.025864298646435042
568,O'Fallon,MO,89.9,4.0,4.6,78266.0,0.022554779921734915
569,Odessa,MO,94.8,1.4,11.7,52066.0,0.03812428516965307
570,Springfield,MO,88.7,4.1,25.7,33557.0,0.002879006286161312
571,St.Charles,MO,87.5,5.9,10.9,57558.0,0.014078954778397252
572,St.Louis,MO,43.9,49.2,27.1,35599.0,0.0024674846516909753
573,Columbia,MS,56.1,40.5,41.6,24125.0,0.0021415110501970193
574,Greenwood,MS,30.7,67.2,40.8,26550.0,0.007374087456677235
575,Gulfport,MS,56.9,36.1,25.5,36474.0,0.0027892057736559517
576,Hattiesburg,MS,41.9,53.0,37.8,26852.0,0.01122909534919216
577,Hernando,MS,81.6,13.1,9.1,58870.0,0.006097932800780535
578,Jackson,MS,18.4,79.4,30.9,32250.0,0.0065555195856264155
579,Petal,MS,86.1,9.9,11.8,53169.0,0.023513920240782544
580,Starkville,MS,59.6,34.6,34.9,31397.0,0.0779635910030016
581,Yazoo,MS,16.2,82.5,46.5,19683.0,0.01380071763731714
582,Billings,MT,89.6,0.8,12.8,51012.0,0.007072652107650328
583,GreatFalls,MT,88.5,1.1,17.4,42896.0,0.004706164219461273
584,Hamilton,MT,95.0,0.3,24.3,27907.0,0.051041241322988984
585,Havre,MT,81.6,0.4,18.3,45146.0,0.01021346134204882
586,Helena,MT,93.3,0.4,17.0,49852.0,0.0033812341504649195
587,Kalispell,MT,94.2,0.2,17.1,41097.0,0.040708324852432316
588,Libby,MT,95.9,0.1,24.2,23623.0,0.10795250089960418
589,Missoula,MT,92.1,0.5,19.5,41421.0,0.003972668043858255
590,Polson,MT,74.7,0.2,21.2,32359.0,0.009881422924901186
591,RedLodge,MT,96.3,0.4,20.6,42500.0,0.08684324793747286
592,Whitefish,MT,95.8,0.5,6.3,51122.0,0.006027727546714889
593,Asheville,NC,79.3,13.4,17.3,43334.0,0.004436308818778939
594,Beaufort,NC,79.0,17.0,32.0,33701.0,0.022461814914645103
595,ChapelHill,NC,72.8,9.7,21.2,62208.0,0.010148163182463973
596,Charlotte,NC,50.0,35.0,16.8,53637.0,0.00026814706426948843
597,Concord,NC,70.4,17.8,12.8,53587.0,0.0005189898381789685
598,Durham,NC,42.5,41.0,19.2,50420.0,0.0013763786188183936
599,Elizabeth,NC,43.7,51.0,29.8,30803.0,0.011266970874880291
600,Elizabeth,NC,43.7,51.0,29.8,23544.0,0.011266970874880291
601,Elizabeth,NC,43.7,51.0,41.2,30803.0,0.011266970874880291
602,Elizabeth,NC,43.7,51.0,41.2,23544.0,0.011266970874880291
603,Elizabeth,NC,39.5,54.0,29.8,30803.0,0.011266970874880291
604,Elizabeth,NC,39.5,54.0,29.8,23544.0,0.011266970874880291
605,Elizabeth,NC,39.5,54.0,41.2,30803.0,0.011266970874880291
606,Elizabeth,NC,39.5,54.0,41.2,23544.0,0.011266970874880291
607,Elizabeth,NC,43.7,51.0,29.8,30803.0,0.059206631142687975
608,Elizabeth,NC,43.7,51.0,29.8,23544.0,0.059206631142687975
609,Elizabeth,NC,43.7,51.0,41.2,30803.0,0.059206631142687975
610,Elizabeth,NC,43.7,51.0,41.2,23544.0,0.059206631142687975
611,Elizabeth,NC,39.5,54.0,29.8,30803.0,0.059206631142687975
612,Elizabeth,NC,39.5,54.0,29.8,23544.0,0.059206631142687975
613,Elizabeth,NC,39.5,54.0,41.2,30803.0,0.059206631142687975
614,Elizabeth,NC,39.5,54.0,41.2,23544.0,0.059206631142687975
615,Fayetteville,NC,45.7,41.9,18.4,43630.0,0.0037797001752835962
616,Greensboro,NC,48.4,40.6,19.3,41628.0,0.0027383640591823665
617,Hendersonville,NC,79.7,9.2,26.4,33937.0,0.019425019425019424
618,Hickory,NC,74.9,14.3,17.5,43338.0,0.004857788249010226
619,HollySprings,NC,79.8,12.6,2.5,94452.0,0.003966994604887337
620,Kinston,NC,28.7,68.0,33.1,28060.0,0.009979541939024998
621,Lexington,NC,54.7,28.4,29.9,28235.0,0.01584534938995405
622,Mooresville,NC,80.2,10.9,10.3,63792.0,0.015332720024532353
623,NewBern,NC,57.9,33.2,19.9,41148.0,0.010002000400080016
624,Raeford,NC,43.6,41.1,42.4,24599.0,0.060532687651331726
625,Raleigh,NC,57.5,29.3,16.0,55398.0,0.0006738353371438429
626,Salisbury,NC,52.4,37.7,23.3,36701.0,0.006619983523596563
627,Southport,NC,82.2,15.4,13.1,42205.0,0.03151790216843167
628,SpringHope,NC,46.9,47.0,29.2,24167.0,0.07633587786259542
629,Waynesville,NC,92.4,2.4,18.6,36473.0,0.009860960457548563
630,WestJefferson,NC,92.9,0.8,30.2,21563.0,0.2281368821292776
631,Wilmington,NC,73.5,19.9,23.4,42128.0,0.0016162399793121286
632,Winston-Salem,NC,51.2,34.7,24.8,39882.0,0.0008066305027324607
633,Bismarck,ND,92.4,0.7,9.6,58901.0,0.0027200152320853
634,Dickinson,ND,94.2,1.0,7.1,71144.0,0.008645657718410927
635,Fargo,ND,90.2,2.7,14.9,46175.0,0.01604338130304343
636,GrandForks,ND,89.7,2.0,20.4,46149.0,0.008954315084439191
637,New,ND,17.8,0.2,19.9,54038.0,0.004243827160493827
638,Williston,ND,92.6,0.3,11.0,90171.0,0.0034443564220025488
639,Chadron,NE,87.8,1.6,18.8,39688.0,0.02771618625277162
640,GrandIsland,NE,80.0,2.1,17.0,46831.0,0.00585171747908011
641,Harvard,NE,78.9,0.2,24.4,42083.0,0.05186721991701245
642,Lincoln,NE,86.0,3.8,15.9,49840.0,0.0006917973587176844
643,McCook,NE,95.8,0.5,10.5,41407.0,0.006613756613756613
644,Omaha,NE,73.1,13.7,16.7,49896.0,0.0013035210403631455
645,Sidney,NE,92.3,0.2,13.5,54242.0,0.004905968928863451
646,Alton,NH,99.0,0.2,0.0,41429.0,0.0013138138138138141
647,Bristol,NH,96.7,0.4,10.0,41210.0,0.06459948320413436
648,Canaan,NH,94.1,0.0,19.0,46250.0,0.01923570146191331
649,Claremont,NH,95.9,0.6,14.1,45859.0,0.007732755954222084
650,Concord,NH,91.8,2.2,11.2,56093.0,0.02292158525683636
651,Dover,NH,90.6,1.7,10.0,61008.0,0.00621291665372309
652,Hampton,NH,96.1,0.7,5.3,79460.0,0.012907389480477573
653,Hanover,NH,77.5,4.3,18.4,88164.0,0.026148348295999303
654,Londonderry,NH,95.8,0.8,3.6,89643.0,0.01132502831257078
655,Manchester,NH,86.1,4.1,15.0,54282.0,0.009319002777950352
656,Nashua,NH,83.4,2.7,11.0,67246.0,0.008393486654356219
657,Peterborough,NH,96.3,0.5,6.6,41101.0,0.04747308612440192
658,Plainfield,NH,98.0,0.5,0.0,127813.0,0.052083333333333336
659,Portsmouth,NH,91.5,1.7,6.6,71392.0,0.09121174807315184
660,AsburyPark,NJ,36.5,51.3,31.9,32755.0,0.3245067497403946
661,CapeMay,NJ,89.0,4.9,12.9,50625.0,0.08766803039158387
662,Clifton,NJ,69.6,4.9,9.1,67992.0,0.011757513050839486
663,Elizabeth,NJ,54.6,21.1,19.0,43568.0,0.001547795938583457
664,Englewood,NJ,45.3,32.6,11.5,75074.0,0.035208788113513134
665,Hacketts,NJ,85.1,2.5,10.9,64464.0,0.005344164172723386
666,Jersey,NJ,32.7,25.8,19.3,59537.0,0.004070081719609527
667,Lambertville,NJ,91.3,1.9,4.5,79444.0,0.052617732175743226
668,Millville,NJ,69.0,19.8,17.5,49133.0,0.0027381256617137017
669,Newark,NJ,26.3,52.4,29.7,33139.0,0.04255153167784236
670,Newton,NJ,85.0,4.9,14.3,48409.0,0.03741114852225964
671,Ocean,NJ,92.1,3.5,9.4,57813.0,0.09114939385653087
672,Paterson,NJ,34.7,31.7,29.1,32915.0,0.001377097491616919
673,Phillipsburg,NJ,83.4,7.5,18.9,44537.0,0.01407261469180974
674,Plainfield,NJ,23.5,50.2,23.0,54500.0,0.0019873998847308068
675,Trenton,NJ,26.6,52.0,28.3,34257.0,0.012018797399132242
676,Vineland,NJ,67.0,14.2,16.9,49453.0,0.0012617978095190027
677,Westfield,NJ,88.2,3.2,3.3,146734.0,0.033884521550555706
678,Albuquerque,NM,69.7,3.3,19.2,47030.0,0.00021141347301489882
679,Carlsbad,NM,77.4,1.9,13.5,51097.0,0.00040254948004025487
680,Deming,NM,76.6,1.5,33.1,25844.0,0.0006484149855907781
681,Farmington,NM,62.8,1.0,16.5,53766.0,0.006190089846449714
682,LasCruces,NM,75.3,2.4,24.4,41330.0,0.0014772990950576224
683,Portales,NM,74.7,2.5,29.1,32758.0,0.0010335917312661498
684,SantaFe,NM,78.9,1.0,17.6,50737.0,0.0018893992891135176
685,Carson,NV,81.1,1.9,16.8,47668.0,0.0020566564131912148
686,LasVegas,NV,62.1,11.1,17.5,50202.0,0.0017426176727532898
687,Reno,NV,74.2,2.9,18.3,47012.0,0.004890434700959699
688,Batavia,NY,89.4,5.4,22.8,41584.0,0.0007650045204812574
689,Batavia,NY,89.4,5.4,22.8,41584.0,0.001601397583345465
690,Beacon,NY,63.6,23.2,11.6,65305.0,0.0143184421534937
691,Brighton,NY,79.8,5.1,9.5,66149.0,0.14104372355430184
692,Brighton,NY,79.8,5.1,9.5,66149.0,0.0055666889334224
693,Buffalo,NY,50.4,38.6,31.4,31918.0,0.003241487911502484
694,Callicoon,NY,97.6,0.6,0.0,39063.0,0.06856359273225918
695,Canandaigua,NY,95.1,1.8,15.4,43185.0,0.02461599054745963
696,Canandaigua,NY,95.1,1.8,15.4,43185.0,0.022119978764820386
697,Cohoes,NY,90.2,4.7,17.4,46226.0,0.0059926889195181885
698,Corning,NY,91.8,3.2,17.9,51022.0,0.06642626684380337
699,Corning,NY,91.8,3.2,17.9,51022.0,0.11336032388663968
700,Cortland,NY,92.8,2.8,24.0,40025.0,0.016068559185859668
701,Elizabeth,NY,96.4,0.5,12.1,50438.0,0.09157509157509157
702,Elmira,NY,78.3,14.6,32.1,29295.0,0.0018481555407703113
703,Elmira,NY,78.3,14.6,32.1,29295.0,0.007719623282383819
704,GlensFalls,NY,94.7,1.8,16.1,45395.0,0.14023278642546627
705,Hudson,NY,59.0,25.0,25.1,34313.0,0.03293807641633729
706,Kingston,NY,73.2,14.6,18.6,40757.0,0.0877462378800509
707,Kingston,NY,73.2,14.6,18.6,40757.0,2.237136465324385
708,Lockport,NY,87.5,7.2,16.2,41298.0,0.0011819748830337355
709,Lockport,NY,87.5,7.2,16.2,41298.0,0.0012055455093429774
710,Middle,NY,52.4,21.0,19.6,50441.0,0.0070949661215367705
711,Middle,NY,52.4,21.0,19.6,50441.0,0.05844535359438925
712,NewYork,NY,44.0,25.5,20.6,53373.0,8.393176648380391e-05
713,NewYork,NY,44.0,25.5,20.6,53373.0,0.00019585073525428648
714,Newburgh,NY,39.4,30.2,34.2,34348.0,0.006210739255421089
715,Newburgh,NY,39.4,30.2,34.2,34348.0,0.005556613958214263
716,NiagaraFalls,NY,70.5,21.6,26.7,31560.0,0.0019488683989941325
717,Niskayuna,NY,91.0,3.1,3.3,100417.0,0.001788508830762352
718,Ogdensburg,NY,88.3,7.3,23.5,36135.0,0.019164430816404752
719,Oneonta,NY,89.6,3.5,29.5,40186.0,0.035953117135255626
720,Oneonta,NY,89.6,3.5,29.5,40186.0,0.10082677959265983
721,Oswego,NY,94.8,1.3,29.1,38113.0,0.011603620329542815
722,Oswego,NY,94.8,1.3,29.1,38113.0,0.026556898154295582
723,Peekskill,NY,51.3,23.6,11.8,52125.0,0.004116073266104137
724,Plattsburgh,NY,89.9,3.5,25.3,37346.0,0.005431719190366385
725,Plattsburgh,NY,89.9,3.5,25.3,37346.0,0.008871035233073898
726,Poughkeepsie,NY,50.9,33.5,24.1,38919.0,0.06554153694904145
727,Poughkeepsie,NY,50.9,33.5,24.1,38919.0,0.04539058599246516
728,Rochester,NY,43.7,41.7,33.5,30960.0,0.009723133766012786
729,Rochester,NY,43.7,41.7,33.5,30960.0,0.2789011295495747
730,Rome,NY,87.4,7.1,18.6,43323.0,0.003110613412965037
731,SaratogaSprings,NY,92.3,2.6,6.8,70187.0,0.03544590954203885
732,ShelterIsland,NY,94.4,0.9,2.3,74855.0,0.08274720728175422
733,Smith,NY,94.0,1.1,3.6,113372.0,0.01723811001361811
734,Syracuse,NY,56.0,29.5,34.8,31881.0,0.004777730156611184
735,Troy,NY,72.9,16.4,26.1,38954.0,0.15936309015203914
736,Wallkill,NY,93.0,2.5,4.0,71701.0,0.013799289336599165
737,Westmoreland,NY,94.1,2.6,0.0,81797.0,0.016485328058028353
738,WhitePlains,NY,63.6,14.2,12.2,80442.0,0.0034418076373711475
739,Yonkers,NY,55.8,18.7,16.7,59049.0,0.004990767080900334
740,Akron,OH,62.2,31.5,26.5,34512.0,0.002581010845306356
741,Alliance,OH,84.6,10.5,25.4,31914.0,0.013988622586962604
742,Alliance,OH,84.6,10.5,25.4,31914.0,0.014010835045768728
743,Ashland,OH,95.8,1.4,14.8,39670.0,0.007398273736128238
744,Ashtabula,OH,82.0,8.9,34.8,28265.0,0.011100627185435977
745,Athens,OH,86.4,4.4,56.9,19855.0,0.0040756439517443755
746,Avon,OH,92.4,2.3,3.7,81474.0,0.00854737381939399
747,Beachwood,OH,77.3,13.7,2.7,84219.0,0.08628127696289906
748,Beavercreek,OH,88.5,2.5,5.2,81379.0,0.004189271276261493
749,BlueAsh,OH,79.9,6.5,5.3,70321.0,0.0404138376980278
750,BowlingGreen,OH,87.6,6.4,33.6,33052.0,0.006348400203148807
751,Brecksville,OH,93.3,1.7,3.0,100589.0,0.07350779182593355
752,Bucyrus,OH,96.3,1.1,20.0,35480.0,0.008500510030601836
753,Cambridge,OH,92.7,3.4,30.8,29020.0,0.009719117504130624
754,Centerville,OH,90.2,4.0,5.6,62117.0,0.012656625743576762
755,Cincinnati,OH,49.3,44.8,30.5,33604.0,0.004619332763045338
756,Cleveland,OH,37.3,53.3,36.2,26150.0,0.0039369148760265505
757,ClevelandHeights,OH,49.8,42.5,19.3,53014.0,0.0022731405710129113
758,Columbus,OH,61.5,28.0,21.7,45659.0,0.0012400890256731815
759,Columbus,OH,61.5,28.0,21.7,45659.0,0.10396395916082424
760,Columbus,OH,61.5,28.0,21.7,45659.0,0.0012672720652781588
761,Coshocton,OH,95.7,1.8,17.0,36372.0,0.03167134196000362
762,Dayton,OH,51.7,42.9,35.5,27683.0,0.0021366456088371664
763,Dublin,OH,80.5,1.8,2.6,121020.0,0.00407855292942064
764,Hamilton,OH,84.0,8.5,22.1,40427.0,0.003087314626891316
765,Hillsboro,OH,90.0,5.8,29.1,31492.0,0.030515715593530668
766,HuberHeights,OH,79.6,13.0,13.5,51641.0,0.01310478586779892
767,HuberHeights,OH,79.6,13.0,13.5,51641.0,0.4892367906066536
768,HuberHeights,OH,79.6,13.0,13.5,51641.0,0.0134654745233222
769,Hudson,OH,92.7,1.3,3.8,124529.0,0.001079282277285605
770,Kent,OH,83.1,9.6,35.1,35619.0,0.00883761721648789
771,Kettering,OH,92.6,3.3,12.3,50608.0,0.0036459757542612334
772,Kettering,OH,92.6,3.3,12.3,50608.0,0.4338394793926248
773,Kettering,OH,92.6,3.3,12.3,50608.0,0.0036768761260433133
774,Marietta,OH,94.9,1.3,26.1,32455.0,0.07487271638215033
775,Mason,OH,85.1,3.3,2.9,86994.0,0.01771479185119575
776,Medina,OH,93.3,3.1,12.5,55370.0,0.012521189705655723
777,Miamisburg,OH,93.8,3.0,13.5,53582.0,0.0011914809114828974
778,Middle,OH,83.3,11.7,24.9,36374.0,0.0004917327432540415
779,Middle,OH,83.3,11.7,24.9,36374.0,0.0005211613211439491
780,MountVernon,OH,95.3,1.1,21.2,36470.0,0.021865744329814942
781,NewPhiladelphia,OH,94.0,1.2,17.0,40718.0,0.011487650775416428
782,Oakwood,OH,95.3,0.9,3.4,105195.0,0.0033572068039391225
783,Ontario,OH,90.8,4.0,7.2,52975.0,0.01643655489809336
784,Painesville,OH,68.2,13.1,23.0,33210.0,0.007542995071909886
785,Ravenna,OH,91.1,5.6,22.3,36301.0,0.003520816829504445
786,Sandusky,OH,70.4,22.0,22.1,33786.0,0.06106497313141183
787,ShakerHeights,OH,55.0,37.1,8.6,77739.0,0.0074000074000074
788,Springfield,OH,75.2,18.1,29.0,32066.0,0.0007133515634288433
789,Toledo,OH,64.8,27.2,27.8,33687.0,0.0007331942708199679
790,Trotwood,OH,28.1,68.2,27.1,32563.0,0.04097856820882678
791,Troy,OH,90.1,4.2,14.1,45222.0,0.007610060499980975
792,Warren,OH,67.7,27.7,35.0,29376.0,0.02580511973575557
793,Wooster,OH,91.2,3.6,19.6,40896.0,0.002378486693103652
794,Youngs,OH,47.0,45.2,38.3,24133.0,0.009928363042050435
795,Altus,OK,68.6,9.6,17.7,38083.0,0.005453157378121932
796,BrokenArrow,OK,79.3,4.3,8.0,67131.0,0.0027223724568503967
797,Clayton,OK,71.6,0.5,27.0,25078.0,0.5089058524173028
798,Lawton,OK,60.3,21.4,19.9,42493.0,0.002149959688255845
799,Oklahoma,OK,62.7,15.1,18.3,47779.0,0.00012635927834699824
800,Oklahoma,OK,62.7,15.1,18.3,47779.0,0.0007632923547111168
801,Tulsa,OK,62.6,15.9,20.2,42284.0,0.0003522852846116138
802,Wagoner,OK,65.4,8.5,24.1,32602.0,0.01633097441480675
803,Woodward,OK,85.8,0.3,13.7,55131.0,0.012375216566289909
804,Albany,OR,87.8,0.7,19.8,47150.0,0.018070765116195018
805,Ashland,OR,90.3,1.1,19.0,45704.0,0.009398054602697242
806,Banks,OR,92.5,0.3,3.3,79667.0,0.09823182711198428
807,Beaverton,OR,73.0,2.6,15.4,56882.0,0.006563203651160678
808,Bend,OR,91.3,0.5,12.5,52989.0,0.005642910015501405
809,CoosBay,OR,87.1,0.6,22.7,38780.0,0.02444838335065094
810,Corvallis,OR,83.8,1.1,28.2,42488.0,0.019539214353676768
811,Enterprise,OR,95.9,0.3,15.8,38264.0,0.1002004008016032
812,Eugene,OR,85.8,1.4,24.4,43101.0,0.015785936902596425
813,ForestGrove,OR,78.8,0.8,16.9,48411.0,0.0043960917830913535
814,Gresham,OR,76.0,3.5,21.3,46956.0,0.0018284711238697765
815,Hermiston,OR,74.2,0.8,21.9,46141.0,0.0030930154088404005
816,HoodRiver,OR,86.9,0.5,19.1,47310.0,0.025637738751442124
817,JohnDay,OR,94.4,0.5,14.3,33276.0,0.05980861244019139
818,Lebanon,OR,91.2,0.5,19.9,40530.0,0.017224550726301892
819,Milwaukie,OR,88.5,1.3,12.9,52011.0,0.023820867079561697
820,Newport,OR,84.1,0.6,18.8,37452.0,0.018428084400626557
821,Ontario,OR,69.5,0.7,35.1,27760.0,0.018191740949608882
822,Pendleton,OR,87.3,1.4,15.1,46772.0,0.005360652808386443
823,Portland,OR,76.1,6.3,18.0,55003.0,0.003360107279061492
824,Prineville,OR,90.4,0.2,28.7,30291.0,0.00931619154089808
825,Salem,OR,79.0,1.5,18.2,47191.0,0.0011470191838958506
826,Silverton,OR,89.0,0.3,15.1,57483.0,0.0282539084573366
827,Springfield,OR,85.9,1.1,21.5,39729.0,0.012652222046496915
828,Woodburn,OR,60.4,0.5,30.0,43093.0,0.007612377726182774
829,Yachats,OR,95.2,0.1,15.2,43352.0,0.14668367346938774
830,Altoona,PA,93.8,3.3,22.1,36215.0,0.016142422285766997
831,Bethlehem,PA,76.4,6.9,17.5,47291.0,0.02638000395700059
832,Bethlehem,PA,76.4,6.9,17.5,47291.0,0.10038648797871806
833,Bethlehem,PA,76.4,6.9,17.5,47291.0,0.03578329635726043
834,Bradford,PA,96.3,1.0,34.4,31857.0,0.0018270401948842876
835,Butler,PA,93.6,2.7,30.0,29482.0,0.011641443538998836
836,Easton,PA,67.2,16.8,22.3,40575.0,0.05516936996579499
837,Erie,PA,75.0,16.8,26.6,34253.0,0.009772305286817159
838,Harrisburg,PA,30.7,52.4,31.8,33289.0,0.003382652405404125
839,Hermitage,PA,93.3,3.8,7.0,53480.0,0.012927412578372441
840,Johns,PA,80.0,14.6,35.1,24415.0,0.01041938004688721
841,Lancaster,PA,55.2,16.3,29.0,35313.0,0.003374673078545516
842,LockHaven,PA,92.8,4.2,38.3,27129.0,0.02201915666629968
843,NewCastle,PA,83.2,12.2,28.0,30422.0,0.004625774817281895
844,Oil,PA,96.2,1.5,26.2,34203.0,0.020794343938448742
845,Philadelphia,PA,41.0,43.4,26.4,38253.0,0.0007733273403094824
846,Pittsburgh,PA,66.0,26.1,22.9,40715.0,0.0006686958432960577
847,Reading,PA,48.4,13.2,39.6,26784.0,0.002263083451202263
848,Scranton,PA,84.1,5.5,22.1,37218.0,0.013698094008062307
849,Shamokin,PA,96.8,0.6,24.0,31088.0,0.0043153049482163395
850,Sunbury,PA,91.0,2.8,23.2,30698.0,0.010681478316599016
851,Wilkes-Barre,PA,79.2,10.9,28.9,30945.0,0.00428461626518831
852,Williamsport,PA,80.8,13.5,27.3,35826.0,0.010643581920102178
853,York,PA,51.2,28.0,37.3,29025.0,0.017868524082673226
854,Newport,RI,82.5,6.9,15.1,57218.0,0.06575162324319883
855,Providence,RI,49.8,16.0,29.1,37501.0,0.03624578198050955
856,Aiken,SC,66.8,28.5,16.2,55502.0,0.0007774790242638245
857,Charleston,SC,70.2,25.4,17.8,55546.0,0.0009050201357893666
858,Chester,SC,31.9,65.5,41.7,21003.0,0.037195462153617256
859,Clemson,SC,79.1,10.3,39.8,34700.0,0.17141877606993886
860,Columbia,SC,51.7,42.2,24.2,41260.0,0.0060756109786290384
861,Easley,SC,83.1,11.4,13.6,41336.0,0.004680771391125257
862,Florence,SC,50.0,46.0,18.4,42853.0,0.003892969297448808
863,George,SC,37.8,56.7,33.9,24534.0,0.0027453671928620448
864,MountPleasant,SC,91.3,5.1,7.4,77638.0,0.0021814056978316826
865,NorthCharleston,SC,41.6,47.2,22.7,39543.0,0.0008666863115563952
866,Pickens,SC,80.5,15.3,28.1,33250.0,0.011356466876971607
867,Summerville,SC,72.1,21.4,13.0,55476.0,0.0038059715693923774
868,Walhalla,SC,76.2,6.0,42.9,26446.0,0.00022361359570661894
869,Brookings,SD,92.1,1.1,19.5,45175.0,0.008191685439279131
870,Rapid,SD,80.4,1.1,15.2,46966.0,0.001935408951911539
871,SiouxFalls,SD,86.8,4.2,12.1,52494.0,0.0062570391690651974
872,SiouxFalls,SD,86.8,4.2,12.1,52494.0,0.03913694527634087
873,SiouxFalls,SD,86.8,4.2,12.1,52494.0,0.007447752397852456
874,Water,SD,94.8,0.4,11.1,46766.0,0.013529358708397223
875,Alcoa,TN,79.1,14.0,24.8,36215.0,0.002404809619238477
876,Chattanooga,TN,58.0,34.9,22.6,40177.0,0.0010940978889381232
877,Clarksville,TN,65.6,23.2,17.4,46947.0,0.0010243698860546585
878,Covington,TN,46.5,51.0,29.2,28571.0,0.011319900384876612
879,Franklin,TN,84.4,6.7,6.9,85671.0,0.024068257578492604
880,Knoxville,TN,76.1,17.1,25.7,34226.0,0.0009772409467510292
881,Memphis,TN,29.4,63.3,27.6,36445.0,0.0013906038422490494
882,MountJuliet,TN,86.9,6.7,8.4,75973.0,0.002700586027167896
883,Murfreesboro,TN,75.6,15.2,16.2,51094.0,0.0002722940776038121
884,Newport,TN,91.6,4.7,40.7,21288.0,0.014526438117373619
885,Winchester,TN,83.3,11.2,19.9,39500.0,0.033400133600534405
886,Abilene,TX,75.5,9.6,19.1,43189.0,0.001620482903905364
887,AlamoHeights,TX,94.4,0.7,5.3,121086.0,0.034827025771999066
888,Alpine,TX,85.4,1.4,13.7,35941.0,0.05850885991307255
889,Amarillo,TX,77.0,6.6,17.0,47735.0,0.002507887305576037
890,Angleton,TX,71.7,12.4,13.0,52890.0,0.025732077607946064
891,Arlington,TX,59.0,18.8,17.5,53326.0,0.0002507183079522833
892,Austin,TX,68.3,8.1,18.0,57689.0,0.0019153996085433968
893,Beaumont,TX,39.8,47.3,21.8,40992.0,0.0008559811684142949
894,Belton,TX,74.5,8.1,16.1,51033.0,0.008739348918505571
895,Brownwood,TX,82.8,5.0,25.7,36644.0,0.01083717149823896
896,Bryan,TX,64.2,18.0,24.8,40312.0,0.009272567110204459
897,Buda,TX,84.5,2.9,6.7,68945.0,0.0029575298710516978
898,Canyon,TX,88.5,2.4,20.1,43027.0,0.012543116964565695
899,Carthage,TX,69.5,21.1,17.6,47163.0,0.006219872492613902
900,CollegeStation,TX,77.2,6.8,34.7,34186.0,0.0016961945874430714
901,CorpusChristi,TX,80.9,4.3,17.5,50658.0,0.0003061980611538768
902,Dallas,TX,50.7,25.0,24.0,43781.0,0.0004354061893175882
903,Denton,TX,73.8,10.3,20.6,49100.0,0.02826036272175553
904,Edinburg,TX,85.3,1.6,27.7,43346.0,0.0009884353069091628
905,ElPaso,TX,80.8,3.4,20.9,42772.0,0.0010444048066090878
906,FlowerMound,TX,83.9,3.2,2.7,122999.0,0.0011697912247605811
907,FortWorth,TX,61.1,18.9,18.8,53214.0,0.0002198804949509941
908,Fredericksburg,TX,90.5,0.5,14.1,48991.0,0.00043493389004871266
909,Friendswood,TX,86.6,3.4,5.7,91458.0,0.007446016381236039
910,Frisco,TX,75.0,8.1,3.6,114098.0,0.0009975559878298169
911,Galveston,TX,62.5,19.2,24.6,39098.0,0.001982317725885105
912,George,TX,86.2,3.7,8.0,63041.0,0.003768654841465253
913,Granbury,TX,93.7,0.7,9.3,45606.0,0.013979496738117428
914,Greenville,TX,68.5,16.8,23.1,36639.0,0.0069379401255767175
915,Hondo,TX,81.0,7.9,26.8,37341.0,0.0052988554472234
916,Houston,TX,50.5,23.7,22.5,46187.0,0.004647451644953658
917,Howe,TX,89.3,1.6,19.7,44079.0,0.00029886431560071725
918,Huntsville,TX,62.7,25.4,36.6,30799.0,0.0011836840983878224
919,Jacksonville,TX,52.8,22.4,36.9,29453.0,0.01349983125210935
920,Katy,TX,80.1,5.3,8.4,70526.0,0.1380643379814994
921,League,TX,79.5,7.1,5.6,93675.0,0.004649605713435501
922,Lewisville,TX,65.3,11.2,10.7,57267.0,0.002746950884518185
923,Lockhart,TX,73.0,9.4,13.1,48884.0,0.0070756385763815184
924,Lufkin,TX,56.7,27.4,23.7,39890.0,0.002855429599383227
925,Marshall,TX,48.0,38.3,22.2,35702.0,0.0008760019272042399
926,Midland,TX,75.5,7.9,9.3,69173.0,0.0007361097796463933
927,Midlothian,TX,88.5,3.6,5.3,74881.0,0.008946677800310152
928,MontBelvieu,TX,87.5,2.9,5.5,105125.0,0.004563431700638881
929,Odessa,TX,75.4,5.7,12.1,59337.0,0.0009567515851265668
930,Palestine,TX,62.1,23.3,23.8,36348.0,0.0028200789622109413
931,Paris,TX,67.4,23.4,25.6,32025.0,0.0040246307401295926
932,Quinlan,TX,94.1,0.6,27.2,35707.0,0.00984251968503937
933,Richardson,TX,67.1,8.6,10.6,72427.0,0.006181845157142504
934,Royse,TX,81.0,8.3,7.3,75625.0,0.020405387022173854
935,SanAngelo,TX,80.4,4.6,16.1,44802.0,0.0029701793988356896
936,SanAntonio,TX,72.6,6.9,19.8,46744.0,0.0006647726186806092
937,SanMarcos,TX,78.5,5.5,37.0,28923.0,0.0003705075954057058
938,Southlake,TX,88.3,2.1,2.9,183125.0,0.006177415369409439
939,Stephenville,TX,87.2,2.2,29.3,37825.0,0.009413093613215984
940,Texarkana,TX,55.4,37.1,22.8,39113.0,0.002753531404025663
941,Tyler,TX,60.5,24.8,20.9,42840.0,0.0018694209468617094
942,Victoria,TX,76.2,7.7,18.0,48658.0,0.00033624245322493875
943,Vidor,TX,95.7,0.1,18.5,40134.0,0.019225223493223108
944,Waxahachie,TX,75.6,12.9,15.9,54081.0,0.0015794461408865958
945,WichitaFalls,TX,73.2,12.7,19.8,44543.0,0.00386882301806406
946,Wimberley,TX,93.5,0.5,19.8,59167.0,0.003403465346534653
947,Boulder,UT,97.3,0.0,22.3,40625.0,0.4149377593360996
948,Logan,UT,83.9,1.0,26.5,36032.0,0.0019401653020837376
949,Ogden,UT,75.2,2.2,22.9,41036.0,0.005810442846889134
950,Orem,UT,84.5,0.7,16.9,55166.0,0.0003066606697469028
951,Park,UT,81.0,0.6,15.9,105102.0,0.03518648838845883
952,Provo,UT,84.8,0.7,28.8,41291.0,0.004587627981958188
953,SaltLake,UT,75.1,2.7,20.3,47243.0,0.003565392113358629
954,St.George,UT,87.2,0.7,16.0,49614.0,0.0012055320526415665
955,Bedford,VA,76.4,20.2,26.3,35049.0,0.015158405335758678
956,Blacksburg,VA,81.2,4.3,45.3,31936.0,0.0011303777722514866
957,Charlottesville,VA,69.1,19.4,25.8,49775.0,0.015515028420711154
958,Culpeper,VA,61.5,21.9,13.6,57551.0,0.0423885974672813
959,Dumfries,VA,39.5,35.1,15.8,60956.0,0.012664640324214792
960,Exmore,VA,57.9,37.7,37.4,18580.0,0.10932944606413994
961,Farmville,VA,72.3,23.8,34.1,33297.0,0.010196278358399185
962,Floyd,VA,94.1,3.5,19.4,47778.0,0.05504587155963303
963,Fredericksburg,VA,64.2,22.6,16.5,51762.0,0.007749001239840198
964,FrontRoyal,VA,85.1,8.9,13.9,47981.0,0.013090718680455558
965,Hampton,VA,42.7,49.6,15.3,49190.0,0.0008326518474462865
966,Leesburg,VA,71.1,9.5,5.8,103238.0,0.02791892344631191
967,Lynchburg,VA,64.4,29.3,24.8,39589.0,0.0012170187907701295
968,Montross,VA,79.7,19.5,23.2,41591.0,0.2564102564102564
969,NewportNews,VA,49.0,40.7,15.7,50077.0,0.001115915748360999
970,Norfolk,VA,47.1,43.1,21.0,44480.0,0.0019345642698832507
971,Norton,VA,88.7,6.3,24.0,27731.0,0.006028636021100226
972,Portsmouth,VA,41.6,53.3,18.2,45676.0,0.0009675346229086774
973,Richmond,VA,40.8,50.6,25.5,40758.0,0.0019590193000597624
974,Roanoke,VA,64.2,28.5,21.2,39930.0,0.0009077796717872164
975,RoundHill,VA,93.3,2.8,0.9,114167.0,0.6859756097560976
976,Suffolk,VA,52.3,42.7,11.5,65499.0,2.1713640508967733e-05
977,VirginiaBeach,VA,67.7,19.6,8.3,66634.0,0.0004444701249405521
978,Waynesboro,VA,82.2,10.6,18.3,45643.0,0.008837825894829872
979,Williamsburg,VA,74.0,14.0,22.4,48639.0,0.01003076100040123
980,Winchester,VA,74.5,10.9,16.0,45363.0,0.01780753614929838
981,Bethel,VT,96.1,1.1,17.9,49750.0,0.12813941568426448
982,Burlington,VT,88.9,3.9,24.8,44671.0,0.037366589598075615
983,Chester,VT,97.6,0.0,15.5,29022.0,0.0496031746031746
984,Middlebury,VT,88.4,1.7,12.8,49414.0,0.04555808656036447
985,Montpelier,VT,93.7,1.0,11.1,61588.0,0.01356483993488877
986,Randolph,VT,96.7,0.4,19.3,44853.0,0.054537521815008726
987,Rutland,VT,95.9,0.8,17.1,41345.0,0.03980363539869975
988,Rutland,VT,95.9,0.8,17.1,41345.0,0.14584346135148274
989,St.Albans,VT,94.2,0.8,14.8,44013.0,0.022055580061755627
990,St.Albans,VT,94.2,0.8,14.8,44013.0,0.023073373327180437
991,St.Johnsbury,VT,95.3,0.9,12.0,36693.0,0.027944669554282518
992,Waitsfield,VT,98.8,0.0,0.0,40724.0,0.059066745422327226
993,Wilmington,VT,98.1,0.2,4.1,41394.0,0.0556792873051225
994,Bellingham,WA,84.9,1.3,23.0,43536.0,0.003038542366271638
995,BonneyLake,WA,88.8,1.3,9.1,80967.0,0.0005201437488178551
996,Bremerton,WA,74.0,6.7,21.5,45658.0,0.004830334500664171
997,Burien,WA,63.5,5.9,18.2,53712.0,0.019417475728155338
998,Camas,WA,87.4,1.0,3.7,90136.0,0.008190679007289705
999,Centralia,WA,85.1,0.6,24.0,37100.0,0.0011834319526627221
1000,Chehalis,WA,87.0,1.7,20.1,34379.0,0.039195192056441085
1001,Duvall,WA,89.7,0.4,7.5,117674.0,0.01110151720735167
1002,Edmonds,WA,83.4,2.6,8.3,75044.0,0.02347142354183781
1003,Ellensburg,WA,85.7,1.5,38.5,29952.0,0.04736867036142296
1004,Everett,WA,74.6,4.1,17.6,49578.0,0.004754429244225164
1005,FridayHarbor,WA,83.1,0.3,12.5,44036.0,0.1366120218579235
1006,Grandview,WA,55.2,0.9,23.2,38990.0,0.0037010290666185225
1007,GraniteFalls,WA,87.6,0.7,7.1,58490.0,0.04723665564478035
1008,Kennewick,WA,78.5,1.7,18.1,51661.0,0.005449709730834134
1009,Kirkland,WA,79.3,1.8,6.3,92127.0,0.00022578217395978926
1010,LakeStevens,WA,85.1,1.7,9.0,74159.0,0.0058977912771667005
1011,Leavenworth,WA,92.9,0.4,14.4,43447.0,0.6407097092163627
1012,Longview,WA,86.0,0.9,22.7,38498.0,0.001951092611862643
1013,Lynnwood,WA,63.8,5.5,16.0,50554.0,0.015329194450831609
1014,MercerIsland,WA,77.9,1.3,4.5,126106.0,0.0077237970186143515
1015,Monroe,WA,78.6,3.5,10.2,67844.0,0.01011326860841424
1016,MosesLake,WA,76.4,1.6,14.6,48174.0,0.012455368263721664
1017,MountVernon,WA,72.8,1.0,21.9,47308.0,0.005554629783924903
1018,MountlakeTerrace,WA,71.7,4.3,7.8,65069.0,0.004733339581966445
1019,Mukilteo,WA,74.9,1.7,4.8,94863.0,0.01165990392239168
1020,Newcastle,WA,65.4,2.6,4.8,111967.0,0.005043931012040351
1021,NormandyPark,WA,86.4,0.8,1.5,89736.0,0.015445184736523319
1022,NorthBend,WA,90.7,0.5,15.0,82243.0,0.06735821096591675
1023,OakHarbor,WA,72.6,4.9,13.1,46621.0,0.012730744748567792
1024,Olympia,WA,83.7,2.0,17.7,53617.0,0.002042282818350289
1025,Pasco,WA,55.8,1.9,18.8,55319.0,0.0015245519143069256
1026,Pullman,WA,79.3,2.3,42.5,26228.0,0.005752622732278443
1027,Quincy,WA,54.9,0.4,24.6,48222.0,0.0001244864932154861
1028,Raymond,WA,75.9,0.9,25.6,32475.0,0.01569806279225117
1029,Redmond,WA,65.2,1.7,7.1,103409.0,0.002488565112819586
1030,Renton,WA,54.6,10.6,12.2,64802.0,0.0008746842782871912
1031,Richland,WA,87.0,1.4,10.6,67483.0,0.004293688278230999
1032,Ridgefield,WA,92.4,0.9,7.9,79243.0,0.02185075931388616
1033,Roslyn,WA,95.1,0.4,14.6,52750.0,0.10438413361169102
1034,Seattle,WA,69.5,7.9,13.5,70594.0,0.010328875688612977
1035,Selah,WA,85.8,0.5,11.1,49415.0,0.01174724867070607
1036,Snohomish,WA,89.0,0.5,12.7,55648.0,0.039393342525113256
1037,Spokane,WA,86.7,2.3,19.9,42386.0,0.0033936566688130307
1038,Stanwood,WA,89.7,1.0,13.9,53919.0,0.0024015369836695487
1039,Tacoma,WA,64.9,11.2,18.0,52042.0,0.0015957617742520444
1040,Tumwater,WA,85.0,1.7,12.3,56512.0,0.008325008325008326
1041,Vancouver,WA,80.9,2.9,14.8,50626.0,0.0007210118018247561
1042,Wenatchee,WA,76.7,0.4,14.0,46865.0,0.0040842064415987575
1043,Yakima,WA,67.1,1.7,23.0,40726.0,0.0016019308606640538
1044,Amery,WI,97.3,0.1,5.3,38673.0,0.012446657183499287
1045,Appleton,WI,87.5,1.7,11.9,53588.0,0.01349564090798672
1046,Appleton,WI,87.5,1.7,11.9,53588.0,0.09152480322167307
1047,Appleton,WI,87.5,1.7,11.9,53588.0,0.016262013562519308
1048,Appleton,WI,87.5,1.7,11.9,53588.0,0.5955926146515783
1049,Ashland,WI,87.0,0.5,13.5,38882.0,0.019125334693357133
1050,Ashland,WI,87.0,0.5,13.5,38882.0,0.2581755593803787
1051,GreenBay,WI,77.9,3.5,18.2,42826.0,0.0036017773017906892
1052,GreenBay,WI,77.9,3.5,18.2,42826.0,0.1726245035135961
1053,Hayward,WI,83.3,0.4,22.8,30074.0,0.03894418000865426
1054,Hayward,WI,83.3,0.4,22.8,30074.0,0.02535211267605634
1055,Kiel,WI,96.9,0.4,5.3,52439.0,0.026343519494204427
1056,Kiel,WI,96.9,0.4,5.3,52439.0,0.3154574132492113
1057,Kiel,WI,96.9,0.4,5.3,52439.0,0.028743891922966367
1058,Madison,WI,78.9,7.3,19.0,54896.0,0.0070599712466625575
1059,Madison,WI,78.9,7.3,19.0,54896.0,0.2667442649983025
1060,Marinette,WI,96.9,0.3,18.9,35954.0,0.0189771325552709
1061,Menomonie,WI,91.9,0.8,28.9,36039.0,0.0030209655005739838
1062,Menomonie,WI,91.9,0.8,28.9,36039.0,0.0141643059490085
1063,Milwaukee,WI,44.8,40.0,28.7,35958.0,0.002104766794501899
1064,Oconomowoc,WI,96.0,0.5,5.5,70600.0,0.011777869383428535
1065,Oconomowoc,WI,96.0,0.5,5.5,70600.0,0.02295684113865932
1066,Sheboygan,WI,82.5,1.8,14.2,43381.0,0.0020848535390388823
1067,Sheboygan,WI,82.5,1.8,14.2,43381.0,0.012906556530717605
1068,StevensPoint,WI,91.7,0.9,25.8,41312.0,0.03863987635239567
1069,SunPrairie,WI,85.4,6.1,8.6,66177.0,0.005770173970745218
1070,SunPrairie,WI,85.4,6.1,8.6,66177.0,0.08133387555917039
1071,Viroqua,WI,97.1,0.6,10.4,37477.0,0.056792367105860976
1072,Viroqua,WI,97.1,0.6,10.4,37477.0,0.13601741022850924
1073,Waukesha,WI,88.1,2.3,11.3,59547.0,0.002627975490670687
1074,Waukesha,WI,88.1,2.3,11.3,59547.0,0.021350713563321726
1075,Waupaca,WI,96.6,0.9,11.5,41897.0,0.016753224995811694
1076,Waupaca,WI,96.6,0.9,11.5,41897.0,0.08525149190110827
1077,Wausau,WI,83.7,1.4,16.6,41575.0,0.0038899406135733
1078,Wausau,WI,83.7,1.4,16.6,41575.0,0.06790402897238569
1079,Charleston,WV,78.4,15.5,19.6,48442.0,0.006446621970087674
1080,Huntington,WV,86.9,8.6,29.8,29873.0,0.004433606739082243
1081,Logan,WV,91.6,5.2,29.8,29712.0,0.020408163265306117
1082,Martinsburg,WV,77.5,14.9,29.0,37843.0,0.005729345708720064
1083,Morgan,WV,89.7,4.1,34.1,34090.0,0.0009820288716488263
1084,Laramie,WY,89.5,1.3,30.0,39371.0,0.0007336981443551099
1085,Riverton,WY,83.5,0.5,15.8,46222.0,0.00928332714444857
1086,Sheridan,WY,94.9,0.4,10.2,49154.0,0.011148272017837236
1087,Torrington,WY,93.2,1.0,20.9,40911.0,0.0080012077294686
